ObservationDate,Country/Region,Last Update,Confirmed,Deaths,Recovered,Confirmed + Deaths,Death by Cases,Country,Region,Population,Area (sq. mi.),Pop. Density (per sq. mi.),Coastline (coast/area ratio),Net migration,Infant mortality (per 1000 births),GDP ($ per capita),Literacy (%),Phones (per 1000),Arable (%),Crops (%),Other (%),Climate,Birthrate,Deathrate,Agriculture,Industry,Service
02/28/2020, Azerbaijan,2020-02-28 15:03:26,1.0,0.0,0.0,1.0,0.0,,,,,,,,,,,,,,,,,,,,
02/28/2020,North Ireland,2020-02-28 05:43:02,1.0,0.0,0.0,1.0,0.0,,,,,,,,,,,,,,,,,,,,
03/08/2020,Republic of Ireland,2020-03-08 21:03:03,21.0,0.0,0.0,21.0,0.0,,,,,,,,,,,,,,,,,,,,
03/09/2020,Palestine,2020-03-07 02:23:06,22.0,0.0,0.0,22.0,0.0,,,,,,,,,,,,,,,,,,,,
03/09/2020,St. Martin,2020-03-09 10:43:06,2.0,0.0,0.0,2.0,0.0,,,,,,,,,,,,,,,,,,,,
03/09/2020,Vatican City,2020-03-06 15:43:02,1.0,0.0,0.0,1.0,0.0,,,,,,,,,,,,,,,,,,,,
03/10/2020,Faroe Islands,2020-03-08 05:13:07,2.0,0.0,0.0,2.0,0.0,Faroe Islands,WESTERN EUROPE                     ,47246.0,1399.0,33.8,79.84,1.41,6.24,22000.0,,503.8,2.14,0.0,97.86,,14.05,8.7,0.27,0.11,0.62
03/10/2020,"('St. Martin',)",2020-03-10 05:33:02,2.0,0.0,0.0,2.0,0.0,,,,,,,,,,,,,,,,,,,,
03/10/2020,Channel Islands,2020-03-10 05:33:02,1.0,0.0,0.0,1.0,0.0,,,,,,,,,,,,,,,,,,,,
03/10/2020,Gibraltar,2020-03-10 08:33:03,1.0,0.0,1.0,1.0,0.0,Gibraltar,WESTERN EUROPE                     ,27928.0,7.0,3989.7,171.43,0.0,5.13,17500.0,,877.7,0.0,0.0,100.0,,10.74,9.31,,,
03/10/2020,Saint Barthelemy,2020-03-09 10:43:06,1.0,0.0,0.0,1.0,0.0,,,,,,,,,,,,,,,,,,,,
03/15/2020,Cayman Islands,2020-03-13 12:33:03,1.0,0.0,0.0,1.0,0.0,Cayman Islands,LATIN AMER. & CARIB    ,45436.0,262.0,173.4,61.07,18.75,8.19,35000.0,98.0,836.3,3.85,0.0,96.15,2.0,12.74,4.89,0.0139999999999999,0.032,0.954
03/15/2020,Curacao,2020-03-14 16:15:18,1.0,0.0,0.0,1.0,0.0,,,,,,,,,,,,,,,,,,,,
03/17/2020,occupied Palestinian territory,2020-03-11 20:53:02,0.0,0.0,0.0,0.0,,,,,,,,,,,,,,,,,,,,,
03/19/2020,Aruba,2020-03-18 11:53:04,4.0,0.0,0.0,4.0,0.0,Aruba,LATIN AMER. & CARIB    ,71891.0,193.0,372.5,35.49,0.0,5.89,28000.0,97.0,516.1,10.53,0.0,89.47,2.0,11.03,6.68,0.004,0.3329999999999999,0.6629999999999999
03/21/2020,Guadeloupe,2020-03-21 13:13:35,53.0,0.0,0.0,53.0,0.0,Guadeloupe,LATIN AMER. & CARIB    ,452776.0,1780.0,254.4,17.19,-0.15,8.6,8000.0,90.0,463.8,11.24,3.55,85.21,2.0,15.05,6.09,0.15,0.17,0.68
03/21/2020,Reunion,2020-03-21 13:13:35,45.0,0.0,0.0,45.0,0.0,Reunion,SUB-SAHARAN AFRICA                 ,787584.0,2517.0,312.9,8.22,0.0,7.78,5800.0,88.9,380.9,13.6,1.2,85.2,2.0,18.9,5.49,0.08,0.19,0.73
03/21/2020,Martinique,2020-03-20 10:13:37,32.0,1.0,0.0,33.0,0.03125,Martinique,LATIN AMER. & CARIB    ,436131.0,1100.0,396.5,31.82,-0.05,7.09,14400.0,97.7,394.4,10.38,9.43,80.19,2.0,13.74,6.48,0.06,0.11,0.83
03/21/2020,French Guiana,2020-03-21 21:13:30,18.0,0.0,6.0,18.0,0.0,French Guiana,LATIN AMER. & CARIB    ,199509.0,91000.0,2.2,0.42,6.27,12.07,8300.0,83.0,255.6,0.14,0.05,99.81,2.0,20.46,4.88,0.066,0.156,0.778
03/21/2020,Mayotte,2020-03-21 13:13:35,7.0,0.0,0.0,7.0,0.0,Mayotte,SUB-SAHARAN AFRICA                 ,201234.0,374.0,538.1,49.52,6.78,62.4,2600.0,,49.7,,,,2.0,40.95,7.7,,,
03/21/2020,"Bahamas, The",2020-03-21 02:43:03,4.0,0.0,0.0,4.0,0.0,"Bahamas, The",LATIN AMER. & CARIB    ,303770.0,13940.0,21.8,25.41,-2.2,25.21,16700.0,95.6,460.6,0.8,0.4,98.8,2.0,17.57,9.05,0.03,0.07,0.9
03/21/2020,Cape Verde,2020-03-21 23:43:02,1.0,0.0,0.0,1.0,0.0,Cape Verde,SUB-SAHARAN AFRICA                 ,420979.0,4033.0,104.4,23.93,-12.07,47.77,1400.0,76.6,169.6,9.68,0.5,89.82,3.0,24.87,6.55,0.121,0.2189999999999999,0.66
03/21/2020,East Timor,2020-03-21 14:43:04,1.0,0.0,0.0,1.0,0.0,East Timor,ASIA (EX. NEAR EAST)         ,1062777.0,15007.0,70.8,4.7,0.0,47.41,500.0,58.6,,4.71,0.67,94.62,2.0,26.99,6.24,0.085,0.231,0.684
03/21/2020,"Gambia, The",2020-03-18 14:13:56,1.0,0.0,0.0,1.0,0.0,"Gambia, The",SUB-SAHARAN AFRICA                 ,1641564.0,11300.0,145.3,0.71,1.57,72.02,1700.0,40.1,26.8,25.0,0.5,74.5,2.0,39.37,12.25,0.308,0.142,0.5489999999999999
03/21/2020,Greenland,2020-03-19 09:33:04,0.0,0.0,0.0,0.0,,Greenland,NORTHERN AMERICA                   ,56361.0,2166086.0,0.0,2.04,-8.37,15.82,20000.0,,448.9,0.0,0.0,100.0,1.0,15.93,7.84,,,
03/21/2020,Guam,2020-03-18 19:14:33,0.0,0.0,0.0,0.0,,Guam,OCEANIA                            ,171019.0,541.0,316.1,23.2,0.0,6.94,21000.0,99.0,492.0,9.09,16.36,74.55,2.0,18.79,4.48,,,
03/21/2020,Guernsey,2020-03-17 18:33:03,0.0,0.0,0.0,0.0,,Guernsey,WESTERN EUROPE                     ,65409.0,78.0,838.6,64.1,3.84,4.71,20000.0,,842.4,,,,3.0,8.81,10.01,0.03,0.1,0.87
03/21/2020,Jersey,2020-03-17 18:33:03,0.0,0.0,0.0,0.0,,Jersey,WESTERN EUROPE                     ,91084.0,116.0,785.2,60.34,2.76,5.24,24800.0,,811.3,0.0,0.0,100.0,3.0,9.3,9.28,0.05,0.02,0.93
03/21/2020,Puerto Rico,2020-03-17 16:13:14,0.0,0.0,0.0,0.0,,Puerto Rico,LATIN AMER. & CARIB    ,3927188.0,13790.0,284.8,3.63,-1.46,8.24,16800.0,94.1,283.1,3.95,5.52,90.53,2.0,12.77,7.65,0.01,0.45,0.54
03/21/2020,Republic of the Congo,2020-03-17 21:33:03,0.0,0.0,0.0,0.0,,,,,,,,,,,,,,,,,,,,,
03/21/2020,The Bahamas,2020-03-19 12:13:38,0.0,0.0,0.0,0.0,,,,,,,,,,,,,,,,,,,,,
03/21/2020,The Gambia,2020-03-18 14:13:56,0.0,0.0,0.0,0.0,,,,,,,,,,,,,,,,,,,,,
03/23/2020,Others,2020-03-23 23:23:20,712.0,8.0,567.0,720.0,0.011235955056179775,,,,,,,,,,,,,,,,,,,,
08/29/2020,Afghanistan,2020-08-30 04:28:22,38143.0,1402.0,29063.0,39545.0,0.0367564166426343,Afghanistan,ASIA (EX. NEAR EAST)         ,31056997.0,647500.0,48.0,0.0,23.06,163.07,700.0,36.0,3.2,12.13,0.22,87.65,1.0,46.6,20.34,0.38,0.24,0.38
08/29/2020,Albania,2020-08-30 04:28:22,9279.0,275.0,5020.0,9554.0,0.029636814311887055,Albania,EASTERN EUROPE                     ,3581655.0,28748.0,124.6,1.26,-4.93,21.52,4500.0,86.5,71.2,21.09,4.42,74.49,3.0,15.11,5.22,0.2319999999999999,0.188,0.579
08/29/2020,Algeria,2020-08-30 04:28:22,43781.0,1491.0,30717.0,45272.0,0.03405586898426258,Algeria,NORTHERN AFRICA                    ,32930091.0,2381740.0,13.8,0.04,-0.39,31.0,6000.0,70.0,78.1,3.22,0.25,96.53,1.0,17.14,4.61,0.1009999999999999,0.6,0.298
08/29/2020,Andorra,2020-08-30 04:28:22,1124.0,53.0,902.0,1177.0,0.04715302491103203,Andorra,WESTERN EUROPE                     ,71201.0,468.0,152.1,0.0,6.6,4.05,19000.0,100.0,497.2,2.22,0.0,97.78,3.0,8.71,6.25,,,
08/29/2020,Angola,2020-08-30 04:28:22,2551.0,107.0,1041.0,2658.0,0.041944335554684437,Angola,SUB-SAHARAN AFRICA                 ,12127071.0,1246700.0,9.7,0.13,0.0,191.19,1900.0,42.0,7.8,2.41,0.24,97.35,,45.11,24.2,0.096,0.6579999999999999,0.246
08/29/2020,Antigua and Barbuda,2020-08-30 04:28:22,94.0,3.0,89.0,97.0,0.031914893617021274,,,,,,,,,,,,,,,,,,,,
08/29/2020,Argentina,2020-08-30 04:28:22,401239.0,8353.0,287220.0,409592.0,0.020818016194836492,Argentina,LATIN AMER. & CARIB    ,39921833.0,2766890.0,14.4,0.18,0.61,15.18,11200.0,97.1,220.4,12.31,0.48,87.21,3.0,16.73,7.55,0.095,0.358,0.547
08/29/2020,Armenia,2020-08-30 04:28:22,43626.0,872.0,37563.0,44498.0,0.019988080502452665,Armenia,C.W. OF IND. STATES ,2976372.0,29800.0,99.9,0.0,-6.47,23.28,3500.0,98.6,195.7,17.55,2.3,80.15,4.0,12.07,8.23,0.239,0.3429999999999999,0.418
08/29/2020,Austria,2020-08-30 04:28:22,26985.0,733.0,22866.0,27718.0,0.027163238836390588,Austria,WESTERN EUROPE                     ,8192880.0,83870.0,97.7,0.0,2.0,4.66,30000.0,98.0,452.2,16.91,0.86,82.23,3.0,8.74,9.76,0.018,0.304,0.6779999999999999
08/29/2020,Azerbaijan,2020-08-30 04:28:22,36174.0,529.0,33576.0,36703.0,0.014623762923646819,Azerbaijan,C.W. OF IND. STATES ,7961619.0,86600.0,91.9,0.0,-4.9,81.74,3400.0,97.0,137.1,19.63,2.71,77.66,1.0,20.74,9.75,0.141,0.457,0.402
08/29/2020,Bahamas,2020-08-30 04:28:22,2135.0,50.0,782.0,2185.0,0.0234192037470726,,,,,,,,,,,,,,,,,,,,
08/29/2020,Bahrain,2020-08-30 04:28:22,51391.0,189.0,48275.0,51580.0,0.0036776867544900857,Bahrain,NEAR EAST                          ,698585.0,665.0,1050.5,24.21,1.05,17.27,16900.0,89.1,281.3,2.82,5.63,91.55,1.0,17.8,4.14,0.005,0.387,0.608
08/29/2020,Bangladesh,2020-08-30 04:28:22,308925.0,4206.0,198863.0,313131.0,0.013614955086185968,Bangladesh,ASIA (EX. NEAR EAST)         ,147365352.0,144000.0,1023.4,0.4,-0.71,62.6,1900.0,43.1,7.3,62.11,3.07,34.82,2.0,29.8,8.27,0.1989999999999999,0.198,0.603
08/29/2020,Barbados,2020-08-30 04:28:22,170.0,7.0,141.0,177.0,0.041176470588235294,Barbados,LATIN AMER. & CARIB    ,279912.0,431.0,649.5,22.51,-0.31,12.5,15700.0,97.4,481.9,37.21,2.33,60.46,2.0,12.71,8.67,0.06,0.16,0.78
08/29/2020,Belarus,2020-08-30 04:28:22,71523.0,671.0,70207.0,72194.0,0.009381597528067893,Belarus,C.W. OF IND. STATES ,10293011.0,207600.0,49.6,0.0,2.54,13.37,6100.0,99.6,319.1,29.55,0.6,69.85,4.0,11.16,14.02,0.093,0.316,0.591
08/29/2020,Belgium,2020-08-30 04:28:22,84599.0,9891.0,18403.0,94490.0,0.11691627560609463,Belgium,WESTERN EUROPE                     ,10379067.0,30528.0,340.0,0.22,1.23,4.68,29100.0,98.0,462.6,23.28,0.4,76.32,3.0,10.38,10.27,0.01,0.24,0.7490000000000001
08/29/2020,Belize,2020-08-30 04:28:22,964.0,13.0,115.0,977.0,0.013485477178423237,Belize,LATIN AMER. & CARIB    ,287730.0,22966.0,12.5,1.68,0.0,25.69,4900.0,94.1,115.7,2.85,1.71,95.44,2.0,28.84,5.72,0.142,0.152,0.612
08/29/2020,Benin,2020-08-30 04:28:22,2145.0,40.0,1738.0,2185.0,0.018648018648018648,Benin,SUB-SAHARAN AFRICA                 ,7862944.0,112620.0,69.8,0.11,0.0,85.0,1100.0,40.9,9.7,18.08,2.4,79.52,2.0,38.85,12.22,0.316,0.138,0.546
08/29/2020,Bhutan,2020-08-30 04:28:22,195.0,0.0,135.0,195.0,0.0,Bhutan,ASIA (EX. NEAR EAST)         ,2279723.0,47000.0,48.5,0.0,0.0,100.44,1300.0,42.2,14.3,3.09,0.43,96.48,2.0,33.65,12.7,0.258,0.379,0.363
08/29/2020,Bolivia,2020-08-30 04:28:22,115354.0,4938.0,56749.0,120292.0,0.04280735821904745,Bolivia,LATIN AMER. & CARIB    ,8989046.0,1098580.0,8.2,0.0,-1.32,53.11,2400.0,87.2,71.9,2.67,0.19,97.14,1.5,23.3,7.53,0.128,0.352,0.52
08/29/2020,Bosnia and Herzegovina,2020-08-30 04:28:22,19550.0,594.0,12858.0,20144.0,0.030383631713554987,,,,,,,,,,,,,,,,,,,,
08/29/2020,Botswana,2020-08-30 04:28:22,1562.0,3.0,199.0,1565.0,0.0019206145966709346,Botswana,SUB-SAHARAN AFRICA                 ,1639833.0,600370.0,2.7,0.0,0.0,54.58,9000.0,79.8,80.5,0.65,0.01,99.34,1.0,23.08,29.5,0.024,0.469,0.507
08/29/2020,Brunei,2020-08-30 04:28:22,144.0,3.0,139.0,147.0,0.020833333333333332,Brunei,ASIA (EX. NEAR EAST)         ,379444.0,5770.0,65.8,2.79,3.59,12.61,18600.0,93.9,237.2,0.57,0.76,98.67,2.0,18.79,3.45,0.036,0.561,0.4029999999999999
08/29/2020,Bulgaria,2020-08-30 04:28:22,16164.0,605.0,11253.0,16769.0,0.03742885424399901,Bulgaria,EASTERN EUROPE                     ,7385367.0,110910.0,66.6,0.32,-4.58,20.55,7600.0,98.6,336.3,40.02,1.92,58.06,3.0,9.65,14.27,0.093,0.304,0.603
08/29/2020,Burkina Faso,2020-08-30 04:28:22,1352.0,55.0,1058.0,1407.0,0.040680473372781065,Burkina Faso,SUB-SAHARAN AFRICA                 ,13902972.0,274200.0,50.7,0.0,0.0,97.57,1100.0,26.6,7.0,14.43,0.19,85.38,2.0,45.62,15.6,0.322,0.196,0.482
08/29/2020,Burma,2020-08-30 04:28:22,749.0,6.0,351.0,755.0,0.00801068090787717,Burma,ASIA (EX. NEAR EAST)         ,47382633.0,678500.0,69.8,0.28,-1.8,67.24,1800.0,85.3,10.1,15.19,0.97,83.84,2.0,17.91,9.83,0.564,0.0819999999999999,0.353
08/29/2020,Burundi,2020-08-30 04:28:22,445.0,1.0,357.0,446.0,0.0022471910112359553,Burundi,SUB-SAHARAN AFRICA                 ,8090068.0,27830.0,290.7,0.0,-0.06,69.29,600.0,51.6,3.4,35.05,14.02,50.93,2.0,42.22,13.46,0.4629999999999999,0.203,0.3339999999999999
08/29/2020,Cabo Verde,2020-08-30 04:28:22,3778.0,39.0,2855.0,3817.0,0.010322922181048173,,,,,,,,,,,,,,,,,,,,
08/29/2020,Cambodia,2020-08-30 04:28:22,273.0,0.0,265.0,273.0,0.0,Cambodia,ASIA (EX. NEAR EAST)         ,13881427.0,181040.0,76.7,0.24,0.0,71.48,1900.0,69.4,2.6,20.96,0.61,78.43,2.0,26.9,9.06,0.35,0.3,0.35
08/29/2020,Cameroon,2020-08-30 04:28:22,19142.0,411.0,17651.0,19553.0,0.021471110646745378,Cameroon,SUB-SAHARAN AFRICA                 ,17340702.0,475440.0,36.5,0.08,0.0,68.26,1800.0,79.0,5.7,12.81,2.58,84.61,1.5,33.89,13.47,0.4479999999999999,0.17,0.382
08/29/2020,Central African Republic,2020-08-30 04:28:22,4700.0,61.0,1784.0,4761.0,0.01297872340425532,,,,,,,,,,,,,,,,,,,,
08/29/2020,Chad,2020-08-30 04:28:22,1008.0,77.0,878.0,1085.0,0.0763888888888889,Chad,SUB-SAHARAN AFRICA                 ,9944201.0,1284000.0,7.7,0.0,-0.11,93.82,1200.0,47.5,1.3,2.86,0.02,97.12,2.0,45.73,16.38,0.335,0.259,0.406
08/29/2020,Comoros,2020-08-30 04:28:22,423.0,7.0,399.0,430.0,0.016548463356973995,Comoros,SUB-SAHARAN AFRICA                 ,690948.0,2170.0,318.4,15.67,0.0,74.93,700.0,56.5,24.5,35.87,23.32,40.81,2.0,36.93,8.2,0.4,0.04,0.56
08/29/2020,Congo (Brazzaville),2020-08-30 04:28:22,3979.0,78.0,1742.0,4057.0,0.019602915305353102,,,,,,,,,,,,,,,,,,,,
08/29/2020,Congo (Kinshasa),2020-08-30 04:28:22,10007.0,258.0,9068.0,10265.0,0.02578195263315679,,,,,,,,,,,,,,,,,,,,
08/29/2020,Costa Rica,2020-08-30 04:28:22,39699.0,418.0,15737.0,40117.0,0.010529232474369632,Costa Rica,LATIN AMER. & CARIB    ,4075261.0,51100.0,79.8,2.52,0.51,9.95,9100.0,96.0,340.7,4.41,5.88,89.71,2.0,18.32,4.36,0.088,0.299,0.614
08/29/2020,Croatia,2020-08-30 04:28:22,9861.0,183.0,7024.0,10044.0,0.018557955582598113,Croatia,EASTERN EUROPE                     ,4494749.0,56542.0,79.5,10.32,1.58,6.84,10600.0,98.5,420.4,26.09,2.27,71.65,,9.61,11.48,0.07,0.308,0.622
08/29/2020,Cuba,2020-08-30 04:28:22,3925.0,94.0,3273.0,4019.0,0.02394904458598726,Cuba,LATIN AMER. & CARIB    ,11382820.0,110860.0,102.7,3.37,-1.58,6.33,2900.0,97.0,74.7,33.05,7.6,59.35,2.0,11.89,7.22,0.055,0.261,0.684
08/29/2020,Cyprus,2020-08-30 04:28:22,1483.0,20.0,935.0,1503.0,0.013486176668914362,Cyprus,NEAR EAST                          ,784301.0,9250.0,84.8,7.01,0.43,7.18,19200.0,97.6,,7.79,4.44,87.77,3.0,12.56,7.68,0.037,0.198,0.765
08/29/2020,Czech Republic,2020-08-30 04:28:22,24094.0,421.0,17541.0,24515.0,0.017473229849755127,Czech Republic,EASTERN EUROPE                     ,10235455.0,78866.0,129.8,0.0,0.97,3.93,15700.0,99.9,314.3,39.8,3.05,57.15,3.0,9.02,10.59,0.034,0.3929999999999999,0.573
08/29/2020,Diamond Princess,2020-08-30 04:28:22,712.0,13.0,651.0,725.0,0.018258426966292134,,,,,,,,,,,,,,,,,,,,
08/29/2020,Djibouti,2020-08-30 04:28:22,5385.0,60.0,5314.0,5445.0,0.011142061281337047,Djibouti,SUB-SAHARAN AFRICA                 ,486530.0,23000.0,21.2,1.37,0.0,104.13,1300.0,67.9,22.8,0.04,0.0,99.96,1.0,39.53,19.31,0.179,0.225,0.596
08/29/2020,Dominica,2020-08-30 04:28:22,20.0,0.0,18.0,20.0,0.0,Dominica,LATIN AMER. & CARIB    ,68910.0,754.0,91.4,19.63,-13.87,14.15,5400.0,94.0,304.8,6.67,20.0,73.33,2.0,15.27,6.73,0.177,0.3279999999999999,0.495
08/29/2020,Dominican Republic,2020-08-30 04:28:22,93732.0,1673.0,66320.0,95405.0,0.01784876029531003,Dominican Republic,LATIN AMER. & CARIB    ,9183984.0,48730.0,188.5,2.64,-3.22,32.38,6000.0,84.7,97.4,22.65,10.33,67.02,2.0,23.22,5.73,0.1119999999999999,0.306,0.5820000000000001
08/29/2020,Ecuador,2020-08-30 04:28:22,112906.0,6537.0,95429.0,119443.0,0.05789772022744584,Ecuador,LATIN AMER. & CARIB    ,13547510.0,283560.0,47.8,0.79,-8.58,23.66,3300.0,92.5,125.6,5.85,4.93,89.22,2.0,22.29,4.23,0.07,0.312,0.618
08/29/2020,Egypt,2020-08-30 04:28:22,98497.0,5376.0,71302.0,103873.0,0.05458034254850402,Egypt,NORTHERN AFRICA                    ,78887007.0,1001450.0,78.8,0.24,-0.22,32.59,4000.0,57.7,131.8,2.87,0.48,96.65,1.0,22.94,5.23,0.149,0.357,0.493
08/29/2020,El Salvador,2020-08-30 04:28:22,25537.0,708.0,13799.0,26245.0,0.027724478208090222,El Salvador,LATIN AMER. & CARIB    ,6822378.0,21040.0,324.3,1.46,-3.74,25.1,4800.0,80.2,142.4,31.85,12.07,56.08,2.0,26.61,5.78,0.099,0.302,0.599
08/29/2020,Equatorial Guinea,2020-08-30 04:28:22,4941.0,83.0,3884.0,5024.0,0.016798218984011334,Equatorial Guinea,SUB-SAHARAN AFRICA                 ,540109.0,28051.0,19.3,1.06,0.0,85.13,2700.0,85.7,18.5,4.63,3.57,91.8,2.0,35.59,15.06,0.03,0.906,0.062
08/29/2020,Eritrea,2020-08-30 04:28:22,318.0,0.0,284.0,318.0,0.0,Eritrea,SUB-SAHARAN AFRICA                 ,4786994.0,121320.0,39.5,1.84,0.0,74.87,700.0,58.6,7.9,4.95,0.03,95.02,1.5,34.33,9.6,0.102,0.254,0.643
08/29/2020,Estonia,2020-08-30 04:28:22,2363.0,64.0,2086.0,2427.0,0.027084214980956412,Estonia,BALTICS                            ,1324333.0,45226.0,29.3,8.39,-3.16,7.87,12300.0,99.8,333.8,16.04,0.45,83.51,3.0,10.04,13.25,0.04,0.294,0.6659999999999999
08/29/2020,Eswatini,2020-08-30 04:28:22,4510.0,91.0,3359.0,4601.0,0.020177383592017737,,,,,,,,,,,,,,,,,,,,
08/29/2020,Ethiopia,2020-08-30 04:28:22,49654.0,770.0,18116.0,50424.0,0.015507310589277802,Ethiopia,SUB-SAHARAN AFRICA                 ,74777981.0,1127127.0,66.3,0.0,0.0,95.32,700.0,42.7,8.2,10.71,0.75,88.54,2.0,37.98,14.86,0.475,0.099,0.426
08/29/2020,Fiji,2020-08-30 04:28:22,28.0,2.0,23.0,30.0,0.07142857142857142,Fiji,OCEANIA                            ,905949.0,18270.0,49.6,6.18,-3.14,12.62,5800.0,93.7,112.6,10.95,4.65,84.4,2.0,22.55,5.65,0.089,0.135,0.7759999999999999
08/29/2020,Finland,2020-08-30 04:28:22,8049.0,335.0,7200.0,8384.0,0.04162007702820226,Finland,WESTERN EUROPE                     ,5231372.0,338145.0,15.5,0.37,0.95,3.57,27400.0,100.0,405.3,7.19,0.03,92.78,3.0,10.45,9.86,0.0279999999999999,0.295,0.6759999999999999
08/29/2020,Gabon,2020-08-30 04:28:22,8505.0,53.0,7187.0,8558.0,0.006231628453850676,Gabon,SUB-SAHARAN AFRICA                 ,1424906.0,267667.0,5.3,0.33,0.0,53.64,5500.0,63.2,27.4,1.26,0.66,98.08,2.0,36.16,12.25,0.061,0.5920000000000001,0.348
08/29/2020,Gambia,2020-08-30 04:28:22,2895.0,96.0,751.0,2991.0,0.03316062176165803,,,,,,,,,,,,,,,,,,,,
08/29/2020,Georgia,2020-08-30 04:28:22,1462.0,19.0,1196.0,1481.0,0.012995896032831737,Georgia,C.W. OF IND. STATES ,4661473.0,69700.0,66.9,0.44,-4.7,18.59,2500.0,99.0,146.6,11.44,3.86,84.7,3.0,10.41,9.23,0.172,0.275,0.5529999999999999
08/29/2020,Ghana,2020-08-30 04:28:22,44118.0,270.0,42581.0,44388.0,0.006119951040391677,Ghana,SUB-SAHARAN AFRICA                 ,22409572.0,239460.0,93.6,0.23,-0.64,51.43,2200.0,74.8,14.4,16.26,9.67,74.07,2.0,30.52,9.72,0.366,0.246,0.387
08/29/2020,Greece,2020-08-30 04:28:22,9977.0,260.0,1347.0,10237.0,0.026059937857071263,Greece,WESTERN EUROPE                     ,10688058.0,131940.0,81.0,10.37,2.35,5.53,20000.0,97.5,589.7,21.1,8.78,70.12,3.0,9.68,10.24,0.054,0.213,0.733
08/29/2020,Grenada,2020-08-30 04:28:22,24.0,0.0,24.0,24.0,0.0,Grenada,LATIN AMER. & CARIB    ,89703.0,344.0,260.8,35.17,-13.92,14.62,5000.0,98.0,364.5,5.88,29.41,64.71,2.0,22.08,6.88,0.054,0.18,0.7659999999999999
08/29/2020,Guatemala,2020-08-30 04:28:22,73679.0,2728.0,61163.0,76407.0,0.03702547537290137,Guatemala,LATIN AMER. & CARIB    ,12293545.0,108890.0,112.9,0.37,-1.67,35.93,4100.0,70.6,92.1,12.54,5.03,82.43,2.0,29.88,5.2,0.2269999999999999,0.188,0.585
08/29/2020,Guinea,2020-08-30 04:28:22,9251.0,59.0,8282.0,9310.0,0.00637768889849746,Guinea,SUB-SAHARAN AFRICA                 ,9690222.0,245857.0,39.4,0.13,-3.06,90.37,2100.0,35.9,2.7,3.63,2.58,93.79,2.0,41.76,15.48,0.237,0.362,0.401
08/29/2020,Guinea-Bissau,2020-08-30 04:28:22,2205.0,34.0,1127.0,2239.0,0.015419501133786848,Guinea-Bissau,SUB-SAHARAN AFRICA                 ,1442029.0,36120.0,39.9,0.97,-1.57,107.17,800.0,42.4,7.4,10.67,8.82,80.51,2.0,37.22,16.53,0.62,0.12,0.26
08/29/2020,Guyana,2020-08-30 04:28:22,1184.0,35.0,636.0,1219.0,0.02956081081081081,Guyana,LATIN AMER. & CARIB    ,767245.0,214970.0,3.6,0.21,-2.07,33.26,4000.0,98.8,143.5,2.44,0.15,97.41,2.0,18.28,8.28,0.37,0.203,0.427
08/29/2020,Haiti,2020-08-30 04:28:22,8174.0,201.0,5743.0,8375.0,0.02459016393442623,Haiti,LATIN AMER. & CARIB    ,8308504.0,27750.0,299.4,6.38,-3.4,73.45,1600.0,52.9,16.9,28.3,11.61,60.09,2.0,36.44,12.17,0.28,0.2,0.52
08/29/2020,Holy See,2020-08-30 04:28:22,12.0,0.0,12.0,12.0,0.0,,,,,,,,,,,,,,,,,,,,
08/29/2020,Honduras,2020-08-30 04:28:22,59645.0,1842.0,10156.0,61487.0,0.030882722776427195,Honduras,LATIN AMER. & CARIB    ,7326496.0,112090.0,65.4,0.73,-1.99,29.32,2600.0,76.2,67.5,9.55,3.22,87.23,2.0,28.24,5.28,0.139,0.312,0.5489999999999999
08/29/2020,Hungary,2020-08-30 04:28:22,5669.0,614.0,3759.0,6283.0,0.10830834362321397,Hungary,EASTERN EUROPE                     ,9981334.0,93030.0,107.3,0.0,0.86,8.57,13900.0,99.4,336.2,50.09,2.06,47.85,3.0,9.72,13.11,0.037,0.312,0.6509999999999999
08/29/2020,Iceland,2020-08-30 04:28:22,2100.0,10.0,1979.0,2110.0,0.004761904761904762,Iceland,WESTERN EUROPE                     ,299388.0,103000.0,2.9,4.83,2.38,3.31,30900.0,99.9,647.7,0.07,0.0,99.93,3.0,13.64,6.72,0.086,0.15,0.765
08/29/2020,Indonesia,2020-08-30 04:28:22,169195.0,7261.0,122802.0,176456.0,0.04291497975708502,Indonesia,ASIA (EX. NEAR EAST)         ,245452739.0,1919440.0,127.9,2.85,0.0,35.6,3200.0,87.9,52.0,11.32,7.23,81.45,2.0,20.34,6.25,0.134,0.4579999999999999,0.408
08/29/2020,Iran,2020-08-30 04:28:22,371816.0,21359.0,319847.0,393175.0,0.05744508036232975,Iran,ASIA (EX. NEAR EAST)         ,68688433.0,1648000.0,41.7,0.15,-0.84,41.58,7000.0,79.4,276.4,8.72,1.39,89.89,1.0,17.0,5.55,0.1159999999999999,0.424,0.46
08/29/2020,Iraq,2020-08-30 04:28:22,227446.0,6891.0,169020.0,234337.0,0.03029730133746032,Iraq,NEAR EAST                          ,26783383.0,437072.0,61.3,0.01,0.0,50.25,1500.0,40.4,38.6,13.15,0.78,86.07,1.0,31.98,5.37,0.073,0.6659999999999999,0.261
08/29/2020,Ireland,2020-08-30 04:28:22,28720.0,1777.0,23364.0,30497.0,0.06187325905292479,Ireland,WESTERN EUROPE                     ,4062235.0,70280.0,57.8,2.06,4.99,5.39,29600.0,98.0,500.5,15.2,0.03,84.77,3.0,14.45,7.82,0.05,0.46,0.49
08/29/2020,Israel,2020-08-30 04:28:22,113465.0,906.0,92104.0,114371.0,0.007984841140439783,Israel,NEAR EAST                          ,6352117.0,20770.0,305.8,1.31,0.68,7.03,19800.0,95.4,462.3,16.39,4.17,79.44,3.0,17.97,6.18,0.026,0.317,0.657
08/29/2020,Ivory Coast,2020-08-30 04:28:22,17893.0,115.0,16440.0,18008.0,0.006427094394455933,Ivory Coast,SUB-SAHARAN AFRICA                 ,17654843.0,322460.0,54.8,0.16,-0.07,90.83,1400.0,50.9,14.6,9.75,13.84,76.41,2.0,35.11,14.84,0.2789999999999999,0.171,0.55
08/29/2020,Jamaica,2020-08-30 04:28:22,2113.0,20.0,890.0,2133.0,0.00946521533364884,Jamaica,LATIN AMER. & CARIB    ,2758124.0,10991.0,250.9,9.3,-4.92,12.36,3900.0,87.9,124.0,16.07,10.16,73.77,2.0,20.82,6.52,0.049,0.337,0.615
08/29/2020,Jordan,2020-08-30 04:28:22,1893.0,15.0,1447.0,1908.0,0.00792393026941363,Jordan,NEAR EAST                          ,5906760.0,92300.0,64.0,0.03,6.59,17.35,4300.0,91.3,104.5,2.67,1.83,95.5,1.0,21.25,2.65,0.033,0.287,0.68
08/29/2020,Kazakhstan,2020-08-30 04:28:22,105684.0,1523.0,96135.0,107207.0,0.01441088528064797,Kazakhstan,C.W. OF IND. STATES ,15233244.0,2717300.0,5.6,0.0,-3.35,29.21,6300.0,98.4,164.1,7.98,0.05,91.97,4.0,16.0,9.42,0.067,0.386,0.547
08/29/2020,Kenya,2020-08-30 04:28:22,33794.0,572.0,19590.0,34366.0,0.016926081552938392,Kenya,SUB-SAHARAN AFRICA                 ,34707817.0,582650.0,59.6,0.09,-0.1,61.47,1000.0,85.1,8.1,8.08,0.98,90.94,1.5,39.72,14.02,0.163,0.188,0.6509999999999999
08/29/2020,Kosovo,2020-08-30 04:28:22,12683.0,488.0,8788.0,13171.0,0.03847670109595522,,,,,,,,,,,,,,,,,,,,
08/29/2020,Kuwait,2020-08-30 04:28:22,84224.0,528.0,75993.0,84752.0,0.006268996960486322,Kuwait,NEAR EAST                          ,2418393.0,17820.0,135.7,2.8,14.18,9.95,19000.0,83.5,211.0,0.73,0.11,99.16,1.0,21.94,2.41,0.004,0.479,0.516
08/29/2020,Kyrgyzstan,2020-08-30 04:28:22,43712.0,1057.0,37973.0,44769.0,0.024181002928257686,Kyrgyzstan,C.W. OF IND. STATES ,5213898.0,198500.0,26.3,0.0,-2.45,35.64,1600.0,97.0,84.0,7.3,0.35,92.35,2.5,22.8,7.08,0.353,0.208,0.439
08/29/2020,Laos,2020-08-30 04:28:22,22.0,0.0,21.0,22.0,0.0,Laos,ASIA (EX. NEAR EAST)         ,6368481.0,236800.0,26.9,0.0,0.0,85.22,1700.0,66.4,14.1,3.8,0.35,95.85,2.0,35.49,11.55,0.455,0.287,0.258
08/29/2020,Latvia,2020-08-30 04:28:22,1381.0,34.0,1163.0,1415.0,0.024619840695148443,Latvia,BALTICS                            ,2274735.0,64589.0,35.2,0.82,-2.23,9.55,10200.0,99.8,321.4,29.67,0.47,69.86,3.0,9.24,13.66,0.04,0.261,0.6990000000000001
08/29/2020,Lebanon,2020-08-30 04:28:22,16275.0,155.0,4484.0,16430.0,0.009523809523809525,Lebanon,NEAR EAST                          ,3874050.0,10400.0,372.5,2.16,0.0,24.52,4800.0,87.4,255.6,16.62,13.98,69.4,,18.52,6.21,0.12,0.21,0.67
08/29/2020,Lesotho,2020-08-30 04:28:22,1051.0,31.0,526.0,1082.0,0.029495718363463368,Lesotho,SUB-SAHARAN AFRICA                 ,2022331.0,30355.0,66.6,0.0,-0.74,84.23,3000.0,84.8,23.7,10.87,0.13,89.0,3.0,24.75,28.71,0.163,0.4429999999999999,0.3939999999999999
08/29/2020,Liberia,2020-08-30 04:28:22,1304.0,82.0,872.0,1386.0,0.06288343558282208,Liberia,SUB-SAHARAN AFRICA                 ,3042004.0,111370.0,27.3,0.52,0.0,128.87,1000.0,57.5,2.3,3.95,2.28,93.77,2.0,44.77,23.1,0.769,0.054,0.177
08/29/2020,Libya,2020-08-30 04:28:22,12958.0,231.0,1333.0,13189.0,0.017826825127334467,Libya,NORTHERN AFRICA                    ,5900754.0,1759540.0,3.4,0.1,0.0,24.6,6400.0,82.6,127.1,1.03,0.19,98.78,,26.49,3.48,0.076,0.499,0.425
08/29/2020,Liechtenstein,2020-08-30 04:28:22,107.0,1.0,97.0,108.0,0.009345794392523364,Liechtenstein,WESTERN EUROPE                     ,33987.0,160.0,212.4,0.0,4.85,4.7,25000.0,100.0,585.5,25.0,0.0,75.0,4.0,10.21,7.18,0.06,0.39,0.55
08/29/2020,Lithuania,2020-08-30 04:28:22,2839.0,86.0,1833.0,2925.0,0.0302923564635435,Lithuania,BALTICS                            ,3585906.0,65200.0,55.0,0.14,-0.71,6.89,11400.0,99.6,223.4,45.22,0.91,53.87,,8.75,10.98,0.055,0.325,0.62
08/29/2020,Luxembourg,2020-08-30 04:28:22,6625.0,124.0,7140.0,6749.0,0.018716981132075473,Luxembourg,WESTERN EUROPE                     ,474413.0,2586.0,183.5,0.0,8.97,4.81,55100.0,100.0,515.4,23.28,0.4,76.32,,11.94,8.41,0.01,0.13,0.86
08/29/2020,MS Zaandam,2020-08-30 04:28:22,9.0,2.0,0.0,11.0,0.2222222222222222,,,,,,,,,,,,,,,,,,,,
08/29/2020,Madagascar,2020-08-30 04:28:22,14791.0,190.0,13753.0,14981.0,0.012845649381380568,Madagascar,SUB-SAHARAN AFRICA                 ,18595469.0,587040.0,31.7,0.82,0.0,76.83,800.0,68.9,3.6,5.07,1.03,93.91,2.0,41.41,11.11,0.276,0.165,0.5589999999999999
08/29/2020,Malawi,2020-08-30 04:28:22,5528.0,174.0,3143.0,5702.0,0.03147612156295224,Malawi,SUB-SAHARAN AFRICA                 ,13013926.0,118480.0,109.8,0.0,0.0,103.32,600.0,62.7,7.9,23.38,1.49,75.13,2.0,43.13,19.33,0.342,0.158,0.499
08/29/2020,Malaysia,2020-08-30 04:28:22,9317.0,125.0,9038.0,9442.0,0.013416335730385318,Malaysia,ASIA (EX. NEAR EAST)         ,24385858.0,329750.0,74.0,1.42,0.0,17.7,9000.0,88.7,179.0,5.48,17.61,76.91,2.0,22.86,5.05,0.084,0.48,0.436
08/29/2020,Maldives,2020-08-30 04:28:22,7578.0,28.0,4925.0,7606.0,0.003694906307732911,Maldives,ASIA (EX. NEAR EAST)         ,359008.0,300.0,1196.7,214.67,0.0,56.52,3900.0,97.2,90.0,13.33,16.67,70.0,2.0,34.81,7.06,0.2,0.18,0.62
08/29/2020,Mali,2020-08-30 04:28:22,2757.0,126.0,2121.0,2883.0,0.04570184983677911,Mali,SUB-SAHARAN AFRICA                 ,11716829.0,1240000.0,9.5,0.0,-0.33,116.79,900.0,46.4,6.4,3.82,0.03,96.15,2.0,49.82,16.89,0.45,0.17,0.38
08/29/2020,Malta,2020-08-30 04:28:22,1847.0,10.0,1244.0,1857.0,0.005414185165132647,Malta,WESTERN EUROPE                     ,400214.0,316.0,1266.5,62.28,2.07,3.89,17700.0,92.8,505.0,28.13,3.13,68.74,,10.22,8.1,0.03,0.23,0.74
08/29/2020,Mauritania,2020-08-30 04:28:22,7012.0,158.0,6407.0,7170.0,0.02253280091272105,Mauritania,SUB-SAHARAN AFRICA                 ,3177388.0,1030700.0,3.1,0.07,0.0,70.89,1800.0,41.7,12.9,0.48,0.01,99.51,1.0,40.99,12.16,0.25,0.29,0.46
08/29/2020,Mauritius,2020-08-30 04:28:22,355.0,10.0,335.0,365.0,0.028169014084507043,Mauritius,SUB-SAHARAN AFRICA                 ,1240827.0,2040.0,608.3,8.68,-0.9,15.03,11400.0,85.6,289.3,49.26,2.96,47.78,2.0,15.43,6.86,0.059,0.298,0.643
08/29/2020,Moldova,2020-08-30 04:28:22,36404.0,990.0,25139.0,37394.0,0.02719481375673003,Moldova,C.W. OF IND. STATES ,4466706.0,33843.0,132.0,0.0,-0.26,40.42,1800.0,99.1,208.1,55.3,10.79,33.91,,15.7,12.64,0.213,0.233,0.555
08/29/2020,Monaco,2020-08-30 04:28:22,154.0,4.0,116.0,158.0,0.025974025974025976,Monaco,WESTERN EUROPE                     ,32543.0,2.0,16271.5,205.0,7.75,5.43,27000.0,99.0,1035.6,0.0,0.0,100.0,,9.19,12.91,0.17,,
08/29/2020,Mongolia,2020-08-30 04:28:22,301.0,0.0,295.0,301.0,0.0,Mongolia,ASIA (EX. NEAR EAST)         ,2832224.0,1564116.0,1.8,0.0,0.0,53.79,1800.0,97.8,55.1,0.77,0.0,99.23,1.0,21.59,6.95,0.206,0.214,0.58
08/29/2020,Montenegro,2020-08-30 04:28:22,4727.0,93.0,3839.0,4820.0,0.019674211973767716,,,,,,,,,,,,,,,,,,,,
08/29/2020,Morocco,2020-08-30 04:28:22,60056.0,1078.0,44618.0,61134.0,0.017949913414146795,Morocco,NORTHERN AFRICA                    ,33241259.0,446550.0,74.4,0.41,-0.98,41.62,4000.0,51.7,40.4,19.61,2.17,78.22,,21.98,5.58,0.217,0.357,0.426
08/29/2020,Mozambique,2020-08-30 04:28:22,3760.0,22.0,2078.0,3782.0,0.005851063829787234,Mozambique,SUB-SAHARAN AFRICA                 ,19686505.0,801590.0,24.6,0.31,0.0,130.79,1200.0,47.8,3.5,5.1,0.3,94.6,2.0,35.18,21.35,0.262,0.348,0.39
08/29/2020,Namibia,2020-08-30 04:28:22,7116.0,69.0,2817.0,7185.0,0.0096964586846543,Namibia,SUB-SAHARAN AFRICA                 ,2044147.0,825418.0,2.5,0.19,0.0,48.98,7200.0,84.0,62.6,0.99,0.0,99.01,1.0,24.32,18.86,0.0969999999999999,0.315,0.588
08/29/2020,Nepal,2020-08-30 04:28:22,37340.0,207.0,20555.0,37547.0,0.005543652919121586,Nepal,ASIA (EX. NEAR EAST)         ,28287147.0,147181.0,192.2,0.0,0.0,66.98,1400.0,45.2,15.9,21.68,0.64,77.68,,30.98,9.31,0.38,0.21,0.41
08/29/2020,New Zealand,2020-08-30 04:28:22,1729.0,22.0,1570.0,1751.0,0.012724117987275883,New Zealand,OCEANIA                            ,4076140.0,268680.0,15.2,5.63,4.05,5.85,21600.0,99.0,441.7,5.6,6.99,87.41,3.0,13.76,7.53,0.043,0.273,0.684
08/29/2020,Nicaragua,2020-08-30 04:28:22,4494.0,137.0,2913.0,4631.0,0.030485091232754783,Nicaragua,LATIN AMER. & CARIB    ,5570129.0,129494.0,43.0,0.7,-1.22,29.11,2300.0,67.5,39.7,15.94,1.94,82.12,2.0,24.51,4.45,0.165,0.275,0.56
08/29/2020,Niger,2020-08-30 04:28:22,1175.0,69.0,1085.0,1244.0,0.05872340425531915,Niger,SUB-SAHARAN AFRICA                 ,12525094.0,1267000.0,9.9,0.0,-0.67,121.69,800.0,17.6,1.9,3.54,0.01,96.45,1.0,50.73,20.91,0.39,0.17,0.44
08/29/2020,Nigeria,2020-08-30 04:28:22,53727.0,1011.0,41314.0,54738.0,0.018817354402814228,Nigeria,SUB-SAHARAN AFRICA                 ,131859731.0,923768.0,142.7,0.09,0.26,98.8,900.0,68.0,9.3,31.29,2.96,65.75,1.5,40.43,16.94,0.2689999999999999,0.487,0.244
08/29/2020,North Macedonia,2020-08-30 04:28:22,14293.0,596.0,11014.0,14889.0,0.04169873364584062,,,,,,,,,,,,,,,,,,,,
08/29/2020,Norway,2020-08-30 04:28:22,10611.0,264.0,9348.0,10875.0,0.024879841673734804,Norway,WESTERN EUROPE                     ,4610820.0,323802.0,14.2,7.77,1.74,3.7,37800.0,100.0,461.7,2.87,0.0,97.13,3.0,11.46,9.4,0.021,0.415,0.564
08/29/2020,Oman,2020-08-30 04:28:22,85005.0,650.0,79608.0,85655.0,0.007646609022998647,Oman,NEAR EAST                          ,3102229.0,212460.0,14.6,0.98,0.28,19.51,13100.0,75.8,85.5,0.0,0.14,99.74,1.0,36.24,3.81,0.027,0.39,0.583
08/29/2020,Panama,2020-08-30 04:28:22,91337.0,1983.0,65119.0,93320.0,0.021710807230366665,Panama,LATIN AMER. & CARIB    ,3191319.0,78200.0,40.8,3.18,-0.91,20.47,6300.0,92.6,137.9,7.36,1.98,90.66,2.0,21.74,5.36,0.068,0.156,0.7759999999999999
08/29/2020,Papua New Guinea,2020-08-30 04:28:22,453.0,5.0,232.0,458.0,0.011037527593818985,Papua New Guinea,OCEANIA                            ,5670544.0,462840.0,12.3,1.11,0.0,51.45,2200.0,64.6,10.9,0.46,1.44,98.1,2.0,29.36,7.25,0.353,0.381,0.266
08/29/2020,Paraguay,2020-08-30 04:28:22,16474.0,294.0,8854.0,16768.0,0.017846303265752095,Paraguay,LATIN AMER. & CARIB    ,6506464.0,406750.0,16.0,0.0,-0.08,25.63,4700.0,94.0,49.2,7.6,0.23,92.17,2.0,29.1,4.49,0.2239999999999999,0.207,0.569
08/29/2020,Philippines,2020-08-30 04:28:22,213131.0,3419.0,135101.0,216550.0,0.016041777122990087,Philippines,ASIA (EX. NEAR EAST)         ,89468677.0,300000.0,298.2,12.1,-1.5,23.51,4600.0,92.6,38.4,18.95,16.77,64.28,2.0,24.89,5.41,0.144,0.326,0.53
08/29/2020,Poland,2020-08-30 04:28:22,66239.0,2032.0,45536.0,68271.0,0.03067679161823095,Poland,EASTERN EUROPE                     ,38536869.0,312685.0,123.3,0.16,-0.49,8.51,11100.0,99.8,306.3,45.91,1.12,52.97,3.0,9.85,9.89,0.05,0.311,0.64
08/29/2020,Portugal,2020-08-30 04:28:22,57448.0,1818.0,41766.0,59266.0,0.03164601030497145,Portugal,WESTERN EUROPE                     ,10605870.0,92391.0,114.8,1.94,3.57,5.05,18000.0,93.3,399.2,21.75,7.81,70.44,3.0,10.72,10.5,0.053,0.2739999999999999,0.6729999999999999
08/29/2020,Qatar,2020-08-30 04:28:22,118407.0,196.0,115251.0,118603.0,0.0016553075409393026,Qatar,NEAR EAST                          ,885359.0,11437.0,77.4,4.92,16.29,18.61,21500.0,82.5,232.0,1.64,0.27,98.09,1.0,15.56,4.72,0.002,0.8009999999999999,0.1969999999999999
08/29/2020,Romania,2020-08-30 04:28:22,85833.0,3539.0,37388.0,89372.0,0.041231228082439154,Romania,EASTERN EUROPE                     ,22303552.0,237500.0,93.9,0.09,-0.13,26.43,7000.0,98.4,196.9,40.82,2.25,56.93,3.0,10.7,11.77,0.1009999999999999,0.35,0.5489999999999999
08/29/2020,Rwanda,2020-08-30 04:28:22,3843.0,16.0,1904.0,3859.0,0.004163413999479573,Rwanda,SUB-SAHARAN AFRICA                 ,8648248.0,26338.0,328.4,0.0,0.0,91.23,1300.0,70.4,2.7,40.54,12.16,47.3,3.0,40.37,16.09,0.401,0.2289999999999999,0.37
08/29/2020,Saint Kitts and Nevis,2020-08-30 04:28:22,17.0,0.0,17.0,17.0,0.0,,,,,,,,,,,,,,,,,,,,
08/29/2020,Saint Lucia,2020-08-30 04:28:22,26.0,0.0,25.0,26.0,0.0,Saint Lucia,LATIN AMER. & CARIB    ,168458.0,616.0,273.5,25.65,-2.67,13.53,5400.0,67.0,303.3,6.56,22.95,70.49,2.0,19.68,5.08,0.07,0.2,0.73
08/29/2020,Saint Vincent and the Grenadines,2020-08-30 04:28:22,60.0,0.0,57.0,60.0,0.0,Saint Vincent and the Grenadines,LATIN AMER. & CARIB    ,117848.0,389.0,303.0,21.59,-7.64,14.78,2900.0,96.0,190.9,17.95,17.95,64.1,2.0,16.18,5.98,0.1,0.26,0.64
08/29/2020,San Marino,2020-08-30 04:28:22,710.0,42.0,658.0,752.0,0.059154929577464786,San Marino,WESTERN EUROPE                     ,29251.0,61.0,479.5,0.0,10.98,5.73,34600.0,96.0,704.3,16.67,0.0,83.33,,10.02,8.17,,,
08/29/2020,Sao Tome and Principe,2020-08-30 04:28:22,895.0,15.0,848.0,910.0,0.01675977653631285,,,,,,,,,,,,,,,,,,,,
08/29/2020,Saudi Arabia,2020-08-30 04:28:22,313911.0,3840.0,288441.0,317751.0,0.012232766612192627,Saudi Arabia,NEAR EAST                          ,27019731.0,1960582.0,13.8,0.13,-2.71,13.24,11800.0,78.8,140.6,1.67,0.09,98.24,1.0,29.34,2.58,0.033,0.613,0.354
08/29/2020,Senegal,2020-08-30 04:28:22,13456.0,282.0,9233.0,13738.0,0.02095719381688466,Senegal,SUB-SAHARAN AFRICA                 ,11987121.0,196190.0,61.1,0.27,0.2,55.51,1600.0,40.2,22.2,12.78,0.21,87.01,2.0,32.78,9.42,0.172,0.209,0.619
08/29/2020,Serbia,2020-08-30 04:28:22,31282.0,710.0,0.0,31992.0,0.022696758519276262,Serbia,EASTERN EUROPE                     ,9396411.0,88361.0,106.3,0.0,-1.33,12.89,2200.0,93.0,285.8,33.35,3.2,63.45,,,,0.166,0.255,0.579
08/29/2020,Seychelles,2020-08-30 04:28:22,136.0,0.0,127.0,136.0,0.0,Seychelles,SUB-SAHARAN AFRICA                 ,81541.0,455.0,179.2,107.91,-5.69,15.53,7800.0,58.0,262.4,2.22,13.33,84.45,2.0,16.03,6.29,0.032,0.304,0.665
08/29/2020,Sierra Leone,2020-08-30 04:28:22,2019.0,70.0,1591.0,2089.0,0.03467062902426944,Sierra Leone,SUB-SAHARAN AFRICA                 ,6005250.0,71740.0,83.7,0.56,0.0,143.64,500.0,31.4,4.0,6.98,0.89,92.13,2.0,45.76,23.03,0.49,0.31,0.21
08/29/2020,Singapore,2020-08-30 04:28:22,56717.0,27.0,55447.0,56744.0,0.00047604774582576655,Singapore,ASIA (EX. NEAR EAST)         ,4492150.0,693.0,6482.2,27.85,11.53,2.29,23700.0,92.5,411.4,1.64,0.0,98.36,2.0,9.34,4.28,0.0,0.3389999999999999,0.6609999999999999
08/29/2020,Slovakia,2020-08-30 04:28:22,3842.0,33.0,2254.0,3875.0,0.008589276418532014,Slovakia,EASTERN EUROPE                     ,5439448.0,48845.0,111.4,0.0,0.3,7.41,13300.0,,220.1,30.16,2.62,67.22,3.0,10.65,9.45,0.035,0.294,0.672
08/29/2020,Slovenia,2020-08-30 04:28:22,2834.0,133.0,2268.0,2967.0,0.04693013408609739,Slovenia,EASTERN EUROPE                     ,2010347.0,20273.0,99.2,0.23,1.12,4.45,19000.0,99.7,406.1,8.6,1.49,89.91,,8.98,10.31,0.0279999999999999,0.369,0.603
08/29/2020,Somalia,2020-08-30 04:28:22,3310.0,97.0,2481.0,3407.0,0.02930513595166163,Somalia,SUB-SAHARAN AFRICA                 ,8863338.0,637657.0,13.9,0.47,5.37,116.7,500.0,37.8,11.3,1.67,0.04,98.29,1.0,45.13,16.63,0.65,0.1,0.25
08/29/2020,South Africa,2020-08-30 04:28:22,622551.0,13981.0,536694.0,636532.0,0.02245759785142101,South Africa,SUB-SAHARAN AFRICA                 ,44187637.0,1219912.0,36.2,0.23,-0.29,61.81,10700.0,86.4,107.0,12.08,0.79,87.13,1.0,18.2,22.0,0.025,0.303,0.6709999999999999
08/29/2020,South Korea,2020-08-30 04:28:22,19699.0,323.0,14903.0,20022.0,0.01639677140971623,South Korea,ASIA (EX. NEAR EAST)         ,48846823.0,98480.0,496.0,2.45,0.0,7.05,17800.0,97.9,486.1,17.18,1.95,80.87,3.0,10.0,5.85,0.033,0.4029999999999999,0.563
08/29/2020,South Sudan,2020-08-30 04:28:22,2519.0,47.0,1290.0,2566.0,0.018658197697499008,,,,,,,,,,,,,,,,,,,,
08/29/2020,Sri Lanka,2020-08-30 04:28:22,2995.0,12.0,2849.0,3007.0,0.004006677796327212,Sri Lanka,ASIA (EX. NEAR EAST)         ,20222240.0,65610.0,308.2,2.04,-1.31,14.35,3700.0,92.3,61.5,13.86,15.7,70.44,2.0,15.51,6.52,0.178,0.276,0.545
08/29/2020,Sudan,2020-08-30 04:28:22,13189.0,823.0,6612.0,14012.0,0.06240048525286224,Sudan,SUB-SAHARAN AFRICA                 ,41236378.0,2505810.0,16.5,0.03,-0.02,62.5,1900.0,61.1,16.3,6.83,0.18,92.99,2.0,34.53,8.97,0.387,0.203,0.41
08/29/2020,Suriname,2020-08-30 04:28:22,3954.0,67.0,2991.0,4021.0,0.016944865958523014,Suriname,LATIN AMER. & CARIB    ,439117.0,163270.0,2.7,0.24,-8.81,23.57,4000.0,93.0,184.7,0.37,0.06,99.57,2.0,18.02,7.27,0.13,0.22,0.65
08/29/2020,Switzerland,2020-08-30 04:28:22,41722.0,2005.0,35200.0,43727.0,0.048056181391112604,Switzerland,WESTERN EUROPE                     ,7523934.0,41290.0,182.2,0.0,4.05,4.39,32700.0,99.0,680.9,10.42,0.61,88.97,3.0,9.71,8.49,0.015,0.34,0.645
08/29/2020,Syria,2020-08-30 04:28:22,2628.0,106.0,599.0,2734.0,0.04033485540334855,Syria,NEAR EAST                          ,18881361.0,185180.0,102.0,0.1,0.0,29.53,3300.0,76.9,153.8,25.22,4.43,70.35,1.0,27.76,4.81,0.249,0.23,0.519
08/29/2020,Taiwan,2020-08-30 04:28:22,488.0,7.0,462.0,495.0,0.014344262295081968,Taiwan,ASIA (EX. NEAR EAST)         ,23036087.0,35980.0,640.3,4.35,0.0,6.4,23400.0,96.1,591.0,24.0,1.0,75.0,2.0,12.56,6.48,0.018,0.259,0.723
08/29/2020,Tajikistan,2020-08-30 04:28:22,8516.0,68.0,7309.0,8584.0,0.007984969469234382,Tajikistan,C.W. OF IND. STATES ,7320815.0,143100.0,51.2,0.0,-2.86,110.76,1000.0,99.4,33.5,6.61,0.92,92.47,2.0,32.65,8.25,0.2339999999999999,0.286,0.48
08/29/2020,Tanzania,2020-08-30 04:28:22,509.0,21.0,183.0,530.0,0.0412573673870334,Tanzania,SUB-SAHARAN AFRICA                 ,37445392.0,945087.0,39.6,0.15,-2.06,98.54,600.0,78.2,4.0,4.52,1.08,94.4,,37.71,16.39,0.432,0.172,0.396
08/29/2020,Thailand,2020-08-30 04:28:22,3411.0,58.0,3242.0,3469.0,0.017003811199061858,Thailand,ASIA (EX. NEAR EAST)         ,64631595.0,514000.0,125.7,0.63,0.0,20.48,7400.0,92.6,108.9,29.36,6.46,64.18,2.0,13.87,7.04,0.099,0.441,0.46
08/29/2020,Timor-Leste,2020-08-30 04:28:22,27.0,0.0,25.0,27.0,0.0,,,,,,,,,,,,,,,,,,,,
08/29/2020,Togo,2020-08-30 04:28:22,1390.0,27.0,990.0,1417.0,0.019424460431654675,Togo,SUB-SAHARAN AFRICA                 ,5548702.0,56785.0,97.7,0.1,0.0,66.61,1500.0,60.9,10.6,46.15,2.21,51.64,2.0,37.01,9.83,0.395,0.204,0.401
08/29/2020,Trinidad and Tobago,2020-08-30 04:28:22,1645.0,19.0,894.0,1664.0,0.011550151975683891,,,,,,,,,,,,,,,,,,,,
08/29/2020,Tunisia,2020-08-30 04:28:22,3572.0,76.0,1536.0,3648.0,0.02127659574468085,Tunisia,NORTHERN AFRICA                    ,10175014.0,163610.0,62.2,0.7,-0.57,24.77,6900.0,74.2,123.6,17.86,13.74,68.4,3.0,15.52,5.13,0.132,0.318,0.55
08/29/2020,Turkey,2020-08-30 04:28:22,267064.0,6284.0,242812.0,273348.0,0.02352994038882066,Turkey,NEAR EAST                          ,70413958.0,780580.0,90.2,0.92,0.0,41.04,6700.0,86.5,269.5,30.93,3.31,65.76,3.0,16.62,5.97,0.1169999999999999,0.298,0.585
08/29/2020,Uganda,2020-08-30 04:28:22,2847.0,29.0,1288.0,2876.0,0.010186160871092378,Uganda,SUB-SAHARAN AFRICA                 ,28195754.0,236040.0,119.5,0.0,0.0,67.83,1400.0,69.9,3.6,25.88,10.65,63.47,2.0,47.35,12.24,0.311,0.222,0.469
08/29/2020,United Arab Emirates,2020-08-30 04:28:22,69328.0,379.0,60202.0,69707.0,0.005466766674359566,United Arab Emirates,NEAR EAST                          ,2602713.0,82880.0,31.4,1.59,1.03,14.51,23200.0,77.9,475.3,0.6,2.25,97.15,1.0,18.96,4.4,0.04,0.585,0.375
08/29/2020,Uruguay,2020-08-30 04:28:22,1570.0,44.0,1364.0,1614.0,0.02802547770700637,Uruguay,LATIN AMER. & CARIB    ,3431932.0,176220.0,19.5,0.37,-0.32,11.95,12800.0,98.0,291.4,7.43,0.23,92.34,3.0,13.91,9.05,0.093,0.311,0.596
08/29/2020,Uzbekistan,2020-08-30 04:28:22,41067.0,307.0,38250.0,41374.0,0.007475588672169868,Uzbekistan,C.W. OF IND. STATES ,27307134.0,447400.0,61.0,0.0,-1.72,71.1,1700.0,99.3,62.9,10.83,0.83,88.34,1.0,26.36,7.84,0.342,0.2289999999999999,0.43
08/29/2020,Venezuela,2020-08-30 04:28:22,44946.0,375.0,36175.0,45321.0,0.008343345347750634,Venezuela,LATIN AMER. & CARIB    ,25730435.0,912050.0,28.2,0.31,-0.04,22.2,4800.0,93.4,140.1,2.95,0.92,96.13,2.0,18.71,4.92,0.04,0.419,0.541
08/29/2020,Vietnam,2020-08-30 04:28:22,1040.0,32.0,677.0,1072.0,0.03076923076923077,Vietnam,ASIA (EX. NEAR EAST)         ,84402966.0,329560.0,256.1,1.05,-0.45,25.95,2500.0,90.3,187.7,19.97,5.95,74.08,2.0,16.86,6.22,0.209,0.41,0.381
08/29/2020,West Bank and Gaza,2020-08-30 04:28:22,21668.0,147.0,14631.0,21815.0,0.0067841978955141225,,,,,,,,,,,,,,,,,,,,
08/29/2020,Western Sahara,2020-08-30 04:28:22,10.0,1.0,8.0,11.0,0.1,Western Sahara,NORTHERN AFRICA                    ,273008.0,266000.0,1.0,0.42,,,,,,0.02,0.0,99.98,1.0,,,,,0.4
08/29/2020,Yemen,2020-08-30 04:28:22,1946.0,563.0,1113.0,2509.0,0.289311408016444,Yemen,NEAR EAST                          ,21456188.0,527970.0,40.6,0.36,0.0,61.5,800.0,50.2,37.2,2.78,0.24,96.98,1.0,42.89,8.3,0.135,0.472,0.3929999999999999
08/29/2020,Zambia,2020-08-30 04:28:22,11902.0,284.0,11092.0,12186.0,0.023861535876323305,Zambia,SUB-SAHARAN AFRICA                 ,11502010.0,752614.0,15.3,0.0,0.0,88.29,800.0,80.6,8.2,7.08,0.03,92.9,2.0,41.0,19.93,0.22,0.29,0.489
08/29/2020,Zimbabwe,2020-08-30 04:28:22,6406.0,196.0,5056.0,6602.0,0.030596315953793318,Zimbabwe,SUB-SAHARAN AFRICA                 ,12236805.0,390580.0,31.3,0.0,0.0,67.69,1900.0,90.7,26.8,8.32,0.34,91.34,2.0,28.01,21.84,0.179,0.243,0.579
08/29/2020,Denmark,2020-08-30 04:28:22,14.0,0.0,14.0,14.0,0.0,Denmark,WESTERN EUROPE                     ,5450661.0,43094.0,126.5,16.97,2.48,4.56,31100.0,100.0,614.6,54.02,0.19,45.79,3.0,11.13,10.36,0.018,0.246,0.735
08/29/2020,Hong Kong,2020-08-30 04:28:22,4786.0,87.0,4287.0,4873.0,0.01817801922273297,Hong Kong,ASIA (EX. NEAR EAST)         ,6940432.0,1092.0,6355.7,67.12,5.24,2.97,28800.0,93.5,546.7,5.05,1.01,93.94,2.0,7.29,6.29,0.001,0.092,0.906
08/29/2020,Macau,2020-08-30 04:28:22,46.0,0.0,46.0,46.0,0.0,Macau,ASIA (EX. NEAR EAST)         ,453125.0,28.0,16183.0,146.43,4.86,4.39,19400.0,94.5,384.9,0.0,0.0,100.0,2.0,8.48,4.47,0.001,0.072,0.927
08/29/2020,Pakistan,2020-08-30 04:28:22,129179.0,2395.0,122835.0,131574.0,0.018540165197129563,Pakistan,ASIA (EX. NEAR EAST)         ,165803560.0,803940.0,206.2,0.13,-2.77,72.44,2100.0,45.7,31.8,27.87,0.87,71.26,1.0,29.74,8.23,0.216,0.251,0.5329999999999999
08/29/2020,France,2020-08-30 04:28:22,213.0,5.0,79.0,218.0,0.023474178403755867,France,WESTERN EUROPE                     ,60876136.0,547030.0,111.3,0.63,0.66,4.26,27600.0,99.0,586.4,33.53,2.07,64.4,4.0,11.99,9.14,0.022,0.214,0.764
08/29/2020,Brazil,2020-08-30 04:28:22,49651.0,658.0,30701.0,50309.0,0.013252502467221204,Brazil,LATIN AMER. & CARIB    ,188078227.0,8511965.0,22.1,0.09,-0.03,29.61,7600.0,86.4,225.3,6.96,0.9,92.15,2.0,16.56,6.17,0.084,0.4,0.516
08/29/2020,Germany,2020-08-30 04:28:22,1320.0,0.0,0.0,1320.0,0.0,Germany,WESTERN EUROPE                     ,82422299.0,357021.0,230.9,0.67,2.18,4.16,27600.0,99.0,667.9,33.85,0.59,65.56,3.0,8.25,10.62,0.009,0.296,0.695
08/29/2020,Peru,2020-08-30 04:28:22,0.0,0.0,438017.0,0.0,,Peru,LATIN AMER. & CARIB    ,28302603.0,1285220.0,22.0,0.19,-1.05,31.94,5100.0,90.9,79.5,2.89,0.4,96.71,1.5,20.48,6.23,0.08,0.27,0.65
08/29/2020,Spain,2020-08-30 04:28:22,0.0,0.0,0.0,0.0,,Spain,WESTERN EUROPE                     ,40397842.0,504782.0,80.0,0.98,0.99,4.42,22000.0,97.9,453.5,26.07,9.87,64.06,3.0,10.06,9.72,0.04,0.295,0.665
08/29/2020,Chile,2020-08-30 04:28:22,22478.0,682.0,20366.0,23160.0,0.03034077764925705,Chile,LATIN AMER. & CARIB    ,16134219.0,756950.0,21.3,0.85,0.0,8.8,9900.0,96.2,213.0,2.65,0.42,96.93,3.0,15.23,5.81,0.06,0.493,0.447
08/29/2020,Sweden,2020-08-30 04:28:22,18688.0,851.0,0.0,19539.0,0.045537243150684935,Sweden,WESTERN EUROPE                     ,9016596.0,449964.0,20.0,0.72,1.67,2.77,26800.0,99.0,715.0,6.54,0.01,93.45,3.0,10.27,10.31,0.011,0.282,0.7070000000000001
08/29/2020,Italy,2020-08-30 04:28:22,22755.0,2120.0,19290.0,24875.0,0.0931663370687761,Italy,WESTERN EUROPE                     ,58133509.0,301230.0,193.0,2.52,2.07,5.94,26700.0,98.6,430.9,27.79,9.53,62.68,,8.72,10.4,0.021,0.291,0.688
08/29/2020,Colombia,2020-08-30 04:28:22,21.0,1.0,5.0,22.0,0.047619047619047616,Colombia,LATIN AMER. & CARIB    ,43593035.0,1138910.0,38.3,0.28,-0.31,20.97,6300.0,92.5,176.2,2.42,1.67,95.91,2.0,20.48,5.58,0.125,0.342,0.5329999999999999
08/29/2020,UK,2020-08-30 04:28:22,17917.0,1595.0,0.0,19512.0,0.08902159959814701,UK,WESTERN EUROPE                     ,60609153.0,244820.0,247.6,5.08,2.19,5.16,27700.0,99.0,543.5,23.46,0.21,76.33,3.0,10.71,10.13,0.005,0.237,0.758
08/29/2020,India,2020-08-30 04:28:22,156766.0,3126.0,127644.0,159892.0,0.019940548333184493,India,ASIA (EX. NEAR EAST)         ,1095351995.0,3287590.0,333.2,0.21,-0.07,56.29,2900.0,59.5,45.4,54.4,2.74,42.86,2.5,22.01,8.18,0.186,0.276,0.5379999999999999
08/29/2020,Australia,2020-08-30 04:28:22,655.0,9.0,641.0,664.0,0.013740458015267175,Australia,OCEANIA                            ,20264082.0,7686850.0,2.6,0.34,3.98,4.69,29000.0,100.0,565.5,6.55,0.04,93.41,1.0,12.14,7.51,0.038,0.262,0.7
08/29/2020,US,2020-08-30 04:28:22,3795.0,37.0,0.0,3832.0,0.009749670619235836,US,NORTHERN AMERICA                   ,298444215.0,9631420.0,31.0,0.21,3.41,6.5,37800.0,97.0,898.0,19.13,0.22,80.65,3.0,14.14,8.26,0.01,0.204,0.787
08/29/2020,Japan,2020-08-30 04:28:22,172.0,3.0,147.0,175.0,0.01744186046511628,Japan,ASIA (EX. NEAR EAST)         ,127463611.0,377835.0,337.4,7.87,0.0,3.26,28200.0,99.0,461.2,12.19,0.96,86.85,3.0,9.37,9.16,0.017,0.258,0.725
08/29/2020,Canada,2020-08-30 04:28:22,15.0,0.0,15.0,15.0,0.0,Canada,NORTHERN AMERICA                   ,33098932.0,9984670.0,3.3,2.02,5.96,4.75,29800.0,97.0,552.2,4.96,0.02,95.02,,10.78,7.8,0.022,0.294,0.684
08/29/2020,Russia,2020-08-30 04:28:22,4541.0,56.0,4207.0,4597.0,0.012332085443734861,Russia,C.W. OF IND. STATES ,142893540.0,17075200.0,8.4,0.22,1.02,15.39,8900.0,99.6,280.6,7.33,0.11,92.56,,9.95,14.65,0.054,0.371,0.575
08/29/2020,Mexico,2020-08-30 04:28:22,5195.0,470.0,3970.0,5665.0,0.0904716073147257,Mexico,LATIN AMER. & CARIB    ,107449525.0,1972550.0,54.5,0.47,-4.87,20.91,9000.0,92.2,181.6,12.99,1.31,85.7,1.5,20.69,4.74,0.038,0.259,0.7020000000000001
08/29/2020,China,2020-08-30 04:28:22,1277.0,1.0,1268.0,1278.0,0.0007830853563038371,China,ASIA (EX. NEAR EAST)         ,1313973713.0,9596960.0,136.9,0.15,-0.4,24.18,5000.0,90.9,266.7,15.4,1.25,83.35,1.5,13.25,6.97,0.125,0.473,0.4029999999999999
08/29/2020,Ukraine,2020-08-30 04:28:22,3155.0,61.0,1837.0,3216.0,0.019334389857369256,Ukraine,C.W. OF IND. STATES ,46710816.0,603700.0,77.4,0.46,-0.39,20.34,5400.0,99.7,259.9,56.21,1.61,42.18,3.0,8.82,14.39,0.187,0.452,0.361
08/29/2020,Netherlands,2020-08-30 04:28:22,18774.0,1344.0,0.0,20118.0,0.07158836689038031,Netherlands,WESTERN EUROPE                     ,16491461.0,41526.0,397.1,1.09,2.91,5.04,28600.0,99.0,460.8,26.71,0.97,72.32,3.0,10.9,8.68,0.021,0.244,0.736
